symbol,date,active_take_mid_gap_ratio,active_take_mid_gap,all_mid_gap,active_take_mid_events,all_mid_move_events,trade_mid_move_events,cancel_mid_move_events,order_add_mid_move_events,continuous_events,valid_lag_events
SH600000,20260105,0.4935123042505593,11.03,22.35,2078,4155,2078,24,2053,217429,217427
SH600000,20260106,0.4964778810932657,8.81,17.745,1680,3344,1680,13,1651,155464,155462
SH600000,20260107,0.49372384937238495,5.31,10.755,1048,2120,1048,12,1060,116382,116380
SH600000,20260108,0.49257425742574257,1.99,4.04,397,806,397,6,403,145958,145956
SH600000,20260109,0.4987389659520807,3.955,7.93,783,1561,783,2,776,95099,95097
SH600000,20260112,0.49469964664310956,4.2,8.49,838,1692,838,9,845,102379,102377
SH600000,20260113,0.4936708860759494,4.29,8.69,846,1704,846,11,847,97841,97839
SH600000,20260114,0.4968126670779354,12.08,24.315,2397,4800,2397,14,2389,159253,159251
SH600000,20260115,0.4969742813918306,6.57,13.22,1312,2637,1312,8,1317,113644,113642
SH600000,20260116,0.4961984069514844,13.705,27.62,2724,5481,2724,21,2736,182548,182546
SH600000,20260119,0.488839697472791,13.25,27.105,2571,5237,2571,59,2607,110224,110222
SH600000,20260120,0.4947089947089947,7.48,15.12,1488,2999,1488,16,1495,131521,131519
SH600000,20260121,0.4948875255623722,7.26,14.67,1451,2931,1451,15,1465,159972,159970
SH600000,20260122,0.49614928909952605,16.75,33.76,3289,6605,3289,26,3290,196030,196028
SH600000,20260123,0.49679658302189,9.305,18.73,1852,3725,1852,12,1861,154735,154733
SH600000,20260126,0.4954450806871421,19.035,38.42,3752,7533,3752,35,3746,200034,200032
SH600000,20260127,0.49524940617577196,4.17,8.42,834,1681,834,8,839,155020,155018
SH600000,20260128,0.49686520376175547,11.095,22.33,2216,4457,2216,14,2227,201591,201589
SH600000,20260129,0.4988399071925754,9.675,19.395,1918,3817,1918,4,1895,228941,228939
SH600000,20260130,0.4970833333333333,5.965,12.0,1189,2382,1189,7,1186,158924,158922
SH600004,20260105,0.48947368421052634,1.86,3.8,371,757,371,8,378,51248,51246
SH600004,20260106,0.49349240780911063,2.275,4.61,450,910,450,6,454,42613,42611
SH600004,20260107,0.48427672955974843,1.54,3.18,308,636,308,10,318,42547,42545
SH600004,20260108,0.49498327759197325,1.48,2.99,296,598,296,3,299,37793,37791
SH600004,20260109,0.4921259842519685,1.25,2.54,250,505,250,4,251,37485,37483
SH600004,20260112,0.4935897435897436,1.54,3.12,308,624,308,4,312,40475,40473
SH600004,20260113,0.4897959183673469,0.96,1.96,192,392,192,4,196,49668,49666
SH600004,20260114,0.48812095032397407,1.13,2.315,224,457,224,5,228,60125,60123
SH600004,20260115,0.4754601226993865,0.775,1.63,155,326,155,8,163,31844,31842
SH600004,20260116,0.47865853658536583,0.785,1.64,157,328,157,7,164,39493,39491
SH600004,20260119,0.4921052631578947,0.935,1.9,187,379,187,3,189,38685,38683
SH600004,20260120,0.4937694704049844,1.585,3.21,316,640,316,4,320,84422,84420
SH600004,20260121,0.48282442748091603,2.53,5.24,502,1035,502,18,515,44130,44128
SH600004,20260122,0.4783132530120482,1.985,4.15,392,815,392,18,405,33770,33768
SH600004,20260123,0.48523622047244097,2.465,5.08,490,1007,490,15,502,49858,49856
SH600004,20260126,0.49089529590288317,3.235,6.59,642,1304,642,12,650,52435,52433
SH600004,20260127,0.48532494758909855,2.315,4.77,460,943,460,14,469,37685,37683
SH600004,20260128,0.49150943396226415,2.605,5.3,513,1038,513,9,516,52544,52542
SH600004,20260129,0.49174917491749176,2.98,6.06,593,1206,593,10,603,51439,51437
SH600004,20260130,0.4894067796610169,2.31,4.72,459,935,459,10,466,45785,45783
SH600006,20260105,0.4826388888888889,0.695,1.44,139,288,139,5,144,27890,27888
SH600006,20260106,0.4946524064171123,0.925,1.87,185,374,185,2,187,46694,46692
SH600006,20260107,0.466824644549763,0.985,2.11,197,421,197,14,210,34398,34396
SH600006,20260108,0.4921875,0.945,1.92,189,384,189,3,192,28142,28140
SH600006,20260109,0.4857142857142857,0.85,1.75,170,350,170,5,175,33244,33242
SH600006,20260112,0.4983974358974359,1.555,3.12,310,622,310,1,311,52165,52163
SH600006,20260113,0.49767441860465117,5.35,10.75,1048,2088,1048,5,1035,87518,87516
SH600006,20260114,0.49479843953185954,3.805,7.69,746,1498,746,8,744,69388,69386
SH600006,20260115,0.4909819639278557,2.45,4.99,485,982,485,9,488,38592,38590
SH600006,20260116,0.4885057471264368,1.7,3.48,336,684,336,8,340,41921,41919
SH600006,20260119,0.4823008849557522,1.09,2.26,217,450,217,8,225,30383,30381
SH600006,20260120,0.4810606060606061,1.27,2.64,254,528,254,10,264,29189,29187
SH600006,20260121,0.46904761904761905,0.985,2.1,197,420,197,13,210,29970,29968
SH600006,20260122,0.49157303370786515,0.875,1.78,175,356,175,3,178,29801,29799
SH600006,20260123,0.49722222222222223,2.685,5.4,529,1050,529,3,518,70023,70021
SH600006,20260126,0.4911894273127753,2.23,4.54,446,906,446,8,452,50688,50686
SH600006,20260127,0.4880239520958084,1.63,3.34,324,662,324,8,330,46608,46606
SH600006,20260128,0.4918918918918919,0.91,1.85,181,365,181,3,181,35404,35402
SH600006,20260129,0.4858156028368794,1.37,2.82,274,563,274,8,281,34174,34172
SH600006,20260130,0.4896907216494845,1.425,2.91,281,571,281,6,284,30798,30796
SH600007,20260105,0.4768472906403941,7.26,15.225,1218,2544,1218,68,1258,21142,21140
SH600007,20260106,0.47819767441860467,4.935,10.32,852,1756,852,42,862,18440,18438
SH600007,20260107,0.4783216783216783,3.42,7.15,611,1269,611,31,627,16772,16770
SH600007,20260108,0.4533255542590432,3.885,8.57,622,1386,622,73,691,13389,13387
SH600007,20260109,0.48197879858657244,3.41,7.075,610,1248,610,26,612,18424,18422
SH600007,20260112,0.46980224478888294,4.395,9.355,763,1614,763,47,804,17161,17159
SH600007,20260113,0.46630360789652825,3.425,7.345,646,1379,646,45,688,18824,18822
SH600007,20260114,0.4750132908027645,8.935,18.81,1520,3194,1520,86,1588,24198,24196
SH600007,20260115,0.4645729605515128,6.065,13.055,1005,2164,1005,83,1076,18275,18273
SH600007,20260116,0.45795481015606804,9.83,21.465,1391,3066,1391,146,1529,19665,19663
SH600007,20260119,0.45219192267863306,6.55,14.485,1112,2452,1112,129,1211,19944,19942
SH600007,20260120,0.4571667363142499,5.47,11.965,960,2104,960,93,1051,22360,22358
SH600007,20260121,0.4673509499890806,10.7,22.895,1577,3398,1577,125,1696,18939,18937
SH600007,20260122,0.4605,4.605,10.0,742,1610,742,58,810,14518,14516
SH600007,20260123,0.47327044025157233,6.02,12.72,1007,2125,1007,62,1056,25182,25180
SH600007,20260126,0.4696500833134968,9.865,21.005,1522,3256,1522,117,1617,25695,25693
SH600007,20260127,0.4664420106711598,8.305,17.805,1345,2897,1345,109,1443,24239,24237
SH600007,20260128,0.47752808988764045,5.525,11.57,915,1917,915,47,955,26010,26008
SH600007,20260129,0.47330316742081446,10.46,22.1,1787,3746,1787,93,1866,34717,34715
SH600007,20260130,0.4716950527169505,14.54,30.825,2039,4304,2039,156,2109,31225,31223
SH600008,20260105,0.484375,0.155,0.32,31,64,31,1,32,40994,40992
SH600008,20260106,0.49193548387096775,0.305,0.62,61,124,61,1,62,39786,39784
SH600008,20260107,0.4934210526315789,0.375,0.76,75,152,75,1,76,38519,38517
SH600008,20260108,0.5,0.05,0.1,10,20,10,0,10,34466,34464
SH600008,20260109,0.5,0.21,0.42,42,84,42,0,42,40126,40124
SH600008,20260112,0.5,0.015,0.03,3,6,3,0,3,42883,42881
SH600008,20260113,0.5,0.24,0.48,48,96,48,0,48,53610,53608
SH600008,20260114,0.5,0.545,1.09,109,218,109,0,109,67501,67499
SH600008,20260115,0.483695652173913,0.445,0.92,89,184,89,3,92,38052,38050
SH600008,20260116,0.4967105263157895,0.755,1.52,151,304,151,1,152,43031,43029
SH600008,20260119,0.4888888888888889,0.22,0.45,44,90,44,1,45,37335,37333
SH600008,20260120,0.48984771573604063,0.965,1.97,193,394,193,4,197,67235,67233
SH600008,20260121,0.4784688995215311,1.0,2.09,200,418,200,9,209,49098,49096
SH600008,20260122,0.4956521739130435,0.57,1.15,114,230,114,1,115,50499,50497
SH600008,20260123,0.47419354838709676,1.47,3.1,294,620,294,16,310,49488,49486
SH600008,20260126,0.5,0.1,0.2,20,40,20,0,20,68771,68769
SH600008,20260127,0.4947089947089947,0.935,1.89,187,378,187,2,189,50344,50342
SH600008,20260128,0.48261758691206547,2.36,4.89,472,978,472,17,489,68555,68553
SH600008,20260129,0.5,0.77,1.54,154,308,154,0,154,66796,66794
SH600008,20260130,0.4875,0.585,1.2,117,240,117,3,120,72977,72975
SH600009,20260105,0.49520958083832334,16.54,33.4,2889,5729,2889,30,2810,77983,77981
SH600009,20260106,0.49399098647971956,9.865,19.97,1874,3734,1874,21,1839,63429,63427
SH600009,20260107,0.4882222222222222,10.985,22.5,1995,4017,1995,52,1970,67426,67424
SH600009,20260108,0.488,11.59,23.75,2046,4139,2046,53,2040,61586,61584
SH600009,20260109,0.49148351648351646,8.945,18.2,1657,3334,1657,28,1649,73744,73742
SH600009,20260112,0.49275023386342376,10.535,21.38,1940,3850,1940,26,1884,75334,75332
SH600009,20260113,0.49507389162561577,15.075,30.45,2636,5163,2636,27,2500,106735,106733
SH600009,20260114,0.4953632148377125,16.025,32.35,2908,5750,2908,29,2813,124641,124639
SH600009,20260115,0.49256028732683427,9.6,19.49,1778,3561,1778,27,1756,66438,66436
SH600009,20260116,0.4952191235059761,12.43,25.1,2359,4697,2359,21,2317,101562,101560
SH600009,20260119,0.48659574468085104,11.435,23.5,2171,4394,2171,62,2161,74380,74378
SH600009,20260120,0.490138067061144,14.91,30.42,2731,5486,2731,55,2700,103923,103921
SH600009,20260121,0.48945441868572426,14.04,28.685,2375,4764,2375,46,2343,81581,81579
SH600009,20260122,0.4884097035040431,22.65,46.375,3904,7862,3904,99,3859,93809,93807
SH600009,20260123,0.4913401169084217,22.695,46.19,3971,7958,3971,71,3916,118340,118338
SH600009,20260126,0.49427866277765314,22.03,44.57,4074,8135,4074,47,4014,144168,144166
SH600009,20260127,0.496875,8.745,17.6,1675,3337,1675,11,1651,109574,109572
SH600009,20260128,0.49293083683607186,12.9,26.17,2496,5013,2496,36,2481,133269,133267
SH600009,20260129,0.49240826655419656,11.675,23.71,2204,4403,2204,35,2164,99050,99048
SH600009,20260130,0.4938746096564977,10.28,20.815,1854,3657,1854,23,1780,65567,65565
SH600010,20260105,0.49700598802395207,0.83,1.67,166,334,166,1,167,299075,299073
SH600010,20260106,0.5,0.805,1.61,161,322,161,0,161,465846,465844
SH600010,20260107,0.5,1.83,3.66,366,732,366,0,366,644549,644547
SH600010,20260108,0.5,1.91,3.82,382,764,382,0,382,355366,355364
SH600010,20260109,0.4984126984126984,1.57,3.15,314,630,314,1,315,369033,369031
SH600010,20260112,0.5,3.43,6.86,686,1372,686,0,686,626917,626915
SH600010,20260113,0.5,1.48,2.96,296,592,296,0,296,420485,420483
SH600010,20260114,0.5,3.655,7.31,731,1462,731,0,731,466480,466478
SH600010,20260115,0.49884526558891457,2.16,4.33,432,866,432,1,433,326577,326575
SH600010,20260116,0.49874686716791977,1.99,3.99,398,798,398,1,399,432993,432991
SH600010,20260119,0.5,7.07,14.14,1378,2728,1378,0,1350,771400,771398
SH600010,20260120,0.5,1.115,2.23,223,446,223,0,223,509917,509915
SH600010,20260121,0.5,1.205,2.41,241,482,241,0,241,533599,533597
SH600010,20260122,0.4995433789954338,5.47,10.95,1094,2189,1094,1,1094,879733,879731
SH600010,20260123,0.5,2.305,4.61,461,922,461,0,461,598570,598568
SH600010,20260126,0.5,1.955,3.91,391,782,391,0,391,451987,451985
SH600010,20260127,0.5,1.98,3.96,396,792,396,0,396,386057,386055
SH600010,20260128,0.4996382054992764,6.905,13.82,1381,2764,1381,1,1382,629785,629783
SH600010,20260129,0.49939172749391725,4.105,8.22,821,1644,821,1,822,892975,892973
SH600010,20260130,0.5,4.82,9.64,964,1928,964,0,964,802452,802450
SH600011,20260105,0.4983642311886587,4.57,9.17,914,1831,914,3,914,167103,167101
SH600011,20260106,0.5,2.35,4.7,470,940,470,0,470,127523,127521
SH600011,20260107,0.49712643678160917,2.595,5.22,519,1044,519,3,522,112528,112526
SH600011,20260108,0.4928400954653938,2.065,4.19,413,836,413,6,417,107864,107862
SH600011,20260109,0.4962121212121212,1.31,2.64,262,526,262,2,262,107754,107752
SH600011,20260112,0.4969040247678019,1.605,3.23,320,644,320,2,322,108171,108169
SH600011,20260113,0.4946808510638298,1.86,3.76,372,752,372,4,376,109319,109317
SH600011,20260114,0.49783549783549785,2.3,4.62,460,924,460,2,462,152529,152527
SH600011,20260115,0.4978494623655914,2.315,4.65,463,930,463,2,465,116249,116247
SH600011,20260116,0.4993961352657005,4.135,8.28,824,1641,824,1,816,175668,175666
SH600011,20260119,0.49557522123893805,2.24,4.52,446,893,446,4,443,157391,157389
SH600011,20260120,0.497907949790795,2.38,4.78,476,956,476,2,478,144825,144823
SH600011,20260121,0.4957446808510638,3.495,7.05,699,1410,699,6,705,132019,132017
SH600011,20260122,0.49764150943396224,1.055,2.12,211,424,211,1,212,121726,121724
SH600011,20260123,0.49449035812672176,1.795,3.63,359,726,359,4,363,140041,140039
SH600011,20260126,0.49477806788511747,1.895,3.83,379,766,379,4,383,158970,158968
SH600011,20260127,0.5,1.595,3.19,319,638,319,0,319,145825,145823
SH600011,20260128,0.49892588614393124,4.645,9.31,927,1858,927,2,929,178513,178511
SH600011,20260129,0.4991166077738516,2.825,5.66,565,1131,565,1,565,143619,143617
SH600011,20260130,0.4971014492753623,1.715,3.45,342,686,342,2,342,94152,94150
SH600012,20260105,0.47561692126909516,8.095,17.02,1496,3124,1496,79,1549,32164,32162
SH600012,20260106,0.4819225861335602,5.665,11.755,1061,2198,1061,42,1095,26925,26923
SH600012,20260107,0.47312541473125413,3.565,7.535,678,1434,678,40,716,21155,21153
SH600012,20260108,0.47127937336814624,3.61,7.66,682,1440,682,42,716,21171,21169
SH600012,20260109,0.4787234042553192,4.275,8.93,813,1686,813,34,839,22304,22302
SH600012,20260112,0.47074327886136,4.465,9.485,822,1737,822,54,861,21436,21434
SH600012,20260113,0.4741131351869607,4.945,10.43,930,1951,930,50,971,28918,28916
SH600012,20260114,0.4735560194850383,6.805,14.37,1268,2667,1268,70,1329,29043,29041
SH600012,20260115,0.4809590973201692,3.41,7.09,653,1358,653,28,677,17245,17243
SH600012,20260116,0.4763729246487867,5.595,11.745,1075,2254,1075,55,1124,25298,25296
SH600012,20260119,0.46360582306830905,4.14,8.93,786,1692,786,64,842,19950,19948
SH600012,20260120,0.458602466236054,3.905,8.515,755,1644,755,66,823,25531,25529
SH600012,20260121,0.47396963123644253,4.37,9.22,845,1771,845,43,883,31287,31285
SH600012,20260122,0.4768258426966292,3.395,7.12,667,1397,667,32,698,20535,20533
SH600012,20260123,0.47506849315068495,4.335,9.125,841,1755,841,43,871,26133,26131
SH600012,20260126,0.47622128760918797,7.36,15.455,1378,2882,1378,74,1430,29090,29088
SH600012,20260127,0.4779525131051496,7.75,16.215,1396,2925,1396,69,1460,27079,27077
SH600012,20260128,0.4722470904207699,5.275,11.17,1002,2110,1002,61,1047,26350,26348
SH600012,20260129,0.4716666666666667,4.245,9.0,827,1746,827,50,869,25507,25505
SH600012,20260130,0.4730040206777714,8.235,17.41,1521,3185,1521,91,1573,40440,40438
SH600015,20260105,0.49477806788511747,1.895,3.83,379,766,379,4,383,69696,69694
SH600015,20260106,0.4945054945054945,0.45,0.91,90,182,90,1,91,63470,63468
SH600015,20260107,0.5,0.65,1.3,130,260,130,0,130,61848,61846
SH600015,20260108,0.49480968858131485,1.43,2.89,286,578,286,3,289,69469,69467
SH600015,20260109,0.5,1.09,2.18,218,436,218,0,218,53940,53938
SH600015,20260112,0.5,0.545,1.09,109,218,109,0,109,55382,55380
SH600015,20260113,0.4888268156424581,0.875,1.79,175,358,175,4,179,63912,63910
SH600015,20260114,0.49597423510466987,3.08,6.21,608,1221,608,5,608,117154,117152
SH600015,20260115,0.49271137026239065,1.69,3.43,338,686,338,5,343,79585,79583
SH600015,20260116,0.49069478908188585,3.955,8.06,790,1608,790,15,803,103374,103372
SH600015,20260119,0.4950980392156863,1.01,2.04,202,408,202,2,204,64794,64792
SH600015,20260120,0.4921052631578947,0.935,1.9,187,380,187,3,190,81340,81338
SH600015,20260121,0.4895470383275261,1.405,2.87,281,574,281,6,287,71883,71881
SH600015,20260122,0.49806201550387597,3.855,7.74,770,1546,770,3,773,108005,108003
SH600015,20260123,0.478125,0.765,1.6,153,320,153,7,160,86977,86975
SH600015,20260126,0.4967105263157895,1.51,3.04,302,608,302,2,304,100178,100176
SH600015,20260127,0.4978902953586498,1.18,2.37,236,474,236,1,237,80112,80110
SH600015,20260128,0.4977924944812362,2.255,4.53,451,906,451,2,453,108597,108595
SH600015,20260129,0.5,1.46,2.92,292,584,292,0,292,96978,96976
SH600015,20260130,0.4956597222222222,2.855,5.76,571,1152,571,5,576,85171,85169
