symbol,date,frequency,window_name,window_start,window_end,start_mid,end_mid,window_return,threshold_history_days,threshold_history_order_count,threshold_mean_qty,threshold_p80_qty,threshold_p90_qty,mean_x05_buy_exec_qty,mean_x05_sell_exec_qty,mean_x05_buy_order_count,mean_x05_sell_order_count,mean_x05_alf,mean_x10_buy_exec_qty,mean_x10_sell_exec_qty,mean_x10_buy_order_count,mean_x10_sell_order_count,mean_x10_alf,p80_buy_exec_qty,p80_sell_exec_qty,p80_buy_order_count,p80_sell_order_count,p80_alf,p90_buy_exec_qty,p90_sell_exec_qty,p90_buy_order_count,p90_sell_order_count,p90_alf,fixed_notional_buy_exec_qty,fixed_notional_sell_exec_qty,fixed_notional_buy_order_count,fixed_notional_sell_order_count,fixed_notional_alf,window_events,trade_events,order_add_events,cancel_events,active_order_count,split_active_order_count,trade_before_add_count,fully_immediate_order_count,full_link_trade_count,partial_link_trade_count,missing_aggressor_id_count,invalid_volume_count,valid_book_events,invalid_book_events,fixed_notional,is_valid,invalid_reason,factor_version
SH600266,20250801,daily,daily_0930_close,93000000,145700000,4.645,4.635,-0.002152852529601623,20,854155,3419.0218004928847,2300.0,5700.0,8536642.0,11105880.0,1032,1009,-0.13079980259154095,7256830.0,9970699.0,481,505,-0.15753094944724808,8007842.0,10546680.0,766,720,-0.13683122637166292,6452671.0,9142299.0,295,312,-0.1724676610471197,324400.0,1666100.0,1,5,-0.6740517457925145,43483,19917,16743,6823,11394,1803,167,11227,834,19083,0,0,43483,0,1000000.0,True,,stylized_fact_4_6_d04_d06_v1
SH601398,20250801,daily,daily_0930_close,93000000,145700000,7.555,7.635,0.010589013898080646,20,4216030,5707.696554341406,4000.0,10000.0,258055966.0,205033968.0,11517,10743,0.11449611426881069,241753558.0,187380880.0,7446,6237,0.1267031335294512,251689796.0,196938118.0,9541,8254,0.12204251294091344,225642347.0,171775789.0,5225,4168,0.13554126779961548,91543929.0,62511572.0,307,240,0.18845388065694585,382513,159677,162860,59976,73557,14162,721,72836,5041,154636,0,0,382513,0,1000000.0,True,,stylized_fact_4_6_d04_d06_v1
SH605116,20250801,daily,daily_0930_close,93000000,145700000,24.025,23.945,-0.003329864724245457,20,409250,740.1953280390959,700.0,1400.0,1859800.0,2074900.0,1607,1613,-0.054667446056878545,1393100.0,1703400.0,693,835,-0.1002099144195059,1560900.0,1774900.0,969,946,-0.06415252712992385,1140200.0,1364500.0,411,456,-0.08955164291132671,0.0,0.0,0,0,,34330,13320,14567,6443,8587,1867,868,7719,2144,11176,0,0,34330,0,1000000.0,True,,stylized_fact_4_6_d04_d06_v1
SH688029,20250801,daily,daily_0930_close,93000000,145700000,82.65,83.96,0.015849969751966064,20,515319,775.0644164100295,1319.0,1440.0,1364745.0,1522322.0,1205,1327,-0.05458030589522169,1092817.0,1212516.0,600,614,-0.051922650653940236,837641.0,964771.0,307,321,-0.07053326320508296,819875.0,934686.0,289,291,-0.06543574147607294,116945.0,206240.0,8,11,-0.27629685783684266,46375,10277,21115,14983,6592,1868,1265,5327,2066,8211,0,0,46375,0,1000000.0,True,,stylized_fact_4_6_d04_d06_v1
SH688167,20250801,daily,daily_0930_close,93000000,145700000,84.655,83.39,-0.014943003957238243,20,231042,745.2916699128297,800.0,1400.0,1050220.0,1397709.0,935,1246,-0.1419522379938307,854927.0,1163970.0,497,728,-0.1530751692632165,851902.0,1149496.0,492,707,-0.14869306354857953,653702.0,888620.0,261,405,-0.1523144972320955,108100.0,16592.0,5,1,0.7338722612517242,18748,6088,8165,4495,4138,1068,967,3171,1423,4665,0,0,18748,0,1000000.0,True,,stylized_fact_4_6_d04_d06_v1
SH688502,20250801,daily,daily_0930_close,93000000,145700000,329.495,326.45,-0.009241414892487088,20,215137,397.1513919037636,400.0,700.0,584513.0,674649.0,1970,2048,-0.07158411705562906,279709.0,349731.0,410,527,-0.11124491611591256,279310.0,349332.0,409,526,-0.11138613073895795,185906.0,226893.0,184,217,-0.09929045370749445,32364.0,44488.0,6,9,-0.15775776817779627,22146,6087,9976,6083,4095,1350,963,3132,1324,4763,0,0,22146,0,1000000.0,True,,stylized_fact_4_6_d04_d06_v1
SZ000536,20250801,daily,daily_0930_close,93000000,145700000,4.405,4.445,0.009080590238365494,20,1120901,3501.682636557555,3300.0,7100.0,43211251.0,39566084.0,4274,3767,0.04403581004389668,39048451.0,35694484.0,2579,2121,0.044873364954159216,39541651.0,36059684.0,2727,2230,0.04605695124299062,33561251.0,31190584.0,1466,1208,0.036611580196916425,2750300.0,4797800.0,7,12,-0.2712603171659093,185981,63153,98613,24180,30743,6805,0,34,63153,0,0,0,177269,8712,1000000.0,True,,stylized_fact_4_6_d04_d06_v1
SZ000652,20250801,daily,daily_0930_close,93000000,145700000,4.375,4.325,-0.011428571428571344,20,350711,4836.709632717537,5000.0,10000.0,4450865.0,9630394.0,366,589,-0.3678313849635178,4058422.0,9093693.0,246,428,-0.38284876614901864,4044822.0,9074093.0,243,424,-0.38336028551141615,3365622.0,7938316.0,137,255,-0.4045222116398728,306800.0,1115600.0,1,3,-0.5686164229471317,20468,6752,10650,3062,3849,664,0,4,6752,0,0,0,20058,410,1000000.0,True,,stylized_fact_4_6_d04_d06_v1
SZ000710,20250801,daily,daily_0930_close,93000000,145700000,14.565,14.675,0.007552351527634782,20,1124746,1689.0209727351776,1600.0,3000.0,18499910.0,19950726.0,5116,5102,-0.03773191163860073,16016223.0,17649200.0,2865,3045,-0.04850605916937387,16209223.0,17816100.0,2994,3155,-0.047225914651860906,13669736.0,15187987.0,1699,1836,-0.05261160071430445,1935300.0,1150600.0,20,9,0.25428562169869406,143018,52275,74579,16035,26829,7535,0,115,52275,0,0,0,123187,19831,1000000.0,True,,stylized_fact_4_6_d04_d06_v1
SZ300201,20250801,daily,daily_0930_close,93000000,145700000,5.385,5.405,0.003714020427112441,20,497619,4121.313113044317,4700.0,10000.0,5989233.0,7377286.0,633,646,-0.10384551131076086,5400295.0,6741286.0,424,437,-0.1104461601829284,5300095.0,6664286.0,401,418,-0.11402102624448353,4044695.0,5380824.0,197,216,-0.14175654412239794,0.0,402700.0,0,2,-1.0,28438,9459,14875,4058,4728,997,0,46,9459,0,0,0,27868,570,1000000.0,True,,stylized_fact_4_6_d04_d06_v1
SZ300778,20250801,daily,daily_0930_close,93000000,145700000,15.29,15.165,-0.00817527795945061,20,955679,1638.1207152192317,1600.0,3100.0,2376168.0,3688720.0,874,1003,-0.21641817623012988,1925162.0,3333761.0,468,682,-0.26784932960608093,1967762.0,3361361.0,495,700,-0.2615062553444535,1465817.0,2748006.0,242,399,-0.30428164638144506,0.0,294200.0,0,3,-1.0,45621,14571,23604,7424,6990,1763,0,22,14571,0,0,0,43356,2265,1000000.0,True,,stylized_fact_4_6_d04_d06_v1
SZ301552,20250801,daily,daily_0930_close,93000000,145700000,38.94,39.225,0.007318952234206533,20,138971,750.2842679407934,900.0,1500.0,433349.0,518351.0,385,407,-0.08931596091205211,347289.0,433600.0,203,222,-0.11052915331116202,328520.0,420000.0,176,202,-0.12221450328648534,246960.0,345740.0,82,113,-0.16666104268601317,0.0,0.0,0,0,,9686,2795,5161,1728,1983,357,0,2,2795,0,0,0,8982,704,1000000.0,True,,stylized_fact_4_6_d04_d06_v1
SH600266,20250801,daily,daily_1000_close,100000000,145700000,4.655,4.635,-0.004296455424275036,20,854155,3419.0218004928847,2300.0,5700.0,5134686.0,7466842.0,700,748,-0.18506930270678287,4232786.0,6545639.0,310,335,-0.21458172228317218,4748286.0,6986042.0,507,499,-0.1907016746080389,3739149.0,6022239.0,196,211,-0.2338898935274369,0.0,1366100.0,0,4,-1.0,29378,14335,10506,4537,11394,1803,167,11227,556,13779,0,0,29378,0,1000000.0,True,,stylized_fact_4_6_d04_d06_v1
SH601398,20250801,daily,daily_1000_close,100000000,145700000,7.485,7.635,0.02004008016032066,20,4216030,5707.696554341406,4000.0,10000.0,204511075.0,128098359.0,8966,7706,0.22973706753008094,192081567.0,115006171.0,5826,4367,0.2509881915245994,199318505.0,122119209.0,7352,5869,0.24016875630219298,179142256.0,103264759.0,4039,2820,0.26868134631853957,73017118.0,34866072.0,256,124,0.3536329061089128,283188,118781,117127,47280,73557,14162,721,72836,3954,114827,0,0,283188,0,1000000.0,True,,stylized_fact_4_6_d04_d06_v1
SH605116,20250801,daily,daily_1000_close,100000000,145700000,24.43,23.945,-0.0198526401964797,20,409250,740.1953280390959,700.0,1400.0,1164400.0,1537500.0,1126,1182,-0.13808801213960548,785800.0,1255100.0,398,595,-0.22994757214954187,941000.0,1309700.0,654,677,-0.16381570178166793,635900.0,1013200.0,231,322,-0.22879146200958098,0.0,0.0,0,0,,23081,9492,9529,4060,8587,1867,868,7719,1524,7968,0,0,23081,0,1000000.0,True,,stylized_fact_4_6_d04_d06_v1
SH688029,20250801,daily,daily_1000_close,100000000,145700000,84.815,83.96,-0.01008076401579916,20,515319,775.0644164100295,1319.0,1440.0,714211.0,1049320.0,708,918,-0.19002161005392024,555284.0,831241.0,346,404,-0.19902778529056453,394688.0,664906.0,159,212,-0.25502031910335465,387591.0,644957.0,150,192,-0.2492533034783855,89079.0,158266.0,6,8,-0.27971861165578443,31572,6339,14292,10941,6592,1868,1265,5327,1247,5092,0,0,31572,0,1000000.0,True,,stylized_fact_4_6_d04_d06_v1
SH688167,20250801,daily,daily_1000_close,100000000,145700000,84.775,83.39,-0.016337363609554734,20,231042,745.2916699128297,800.0,1400.0,678285.0,1013709.0,610,885,-0.19824183773701326,553413.0,852823.0,328,526,-0.21291589747382375,551930.0,842101.0,325,510,-0.2081524729363981,416280.0,668816.0,170,306,-0.23273148182280645,79753.0,0.0,4,0,1.0,13052,4312,5543,3197,4138,1068,967,3171,1034,3278,0,0,13052,0,1000000.0,True,,stylized_fact_4_6_d04_d06_v1
SH688502,20250801,daily,daily_1000_close,100000000,145700000,327.43,326.45,-0.0029930061387167806,20,215137,397.1513919037636,400.0,700.0,464749.0,523030.0,1553,1561,-0.05900206422691715,222416.0,270316.0,312,392,-0.09721308946851433,222017.0,269917.0,311,391,-0.09737078551187761,154134.0,183331.0,147,167,-0.08651860192908895,32364.0,38882.0,6,8,-0.09148583780142043,16564,4677,7303,4584,4095,1350,963,3132,1027,3650,0,0,16564,0,1000000.0,True,,stylized_fact_4_6_d04_d06_v1
SZ000536,20250801,daily,daily_1000_close,100000000,145700000,4.495,4.445,-0.011123470522803047,20,1120901,3501.682636557555,3300.0,7100.0,18134300.0,19891900.0,1873,1781,-0.04622076357879567,16213000.0,18100500.0,1085,1002,-0.05500750433502849,16409700.0,18268200.0,1143,1051,-0.05359321066154525,13756000.0,16151600.0,585,607,-0.08010004146103332,1242100.0,3503700.0,4,8,-0.47654768426819505,110483,37160,56451,16862,30743,6805,0,34,37160,0,0,0,107385,3098,1000000.0,True,,stylized_fact_4_6_d04_d06_v1
SZ000652,20250801,daily,daily_1000_close,100000000,145700000,4.375,4.325,-0.011428571428571344,20,350711,4836.709632717537,5000.0,10000.0,3328966.0,7666191.0,274,444,-0.39446685481617044,3024223.0,7260891.0,179,323,-0.411922318021949,3014423.0,7246191.0,177,320,-0.41242834005840195,2482623.0,6333714.0,95,185,-0.4368130437845105,306800.0,1115600.0,1,3,-0.5686164229471317,15048,5099,7589,2357,3849,664,0,4,5099,0,0,0,14760,288,1000000.0,True,,stylized_fact_4_6_d04_d06_v1
SZ000710,20250801,daily,daily_1000_close,100000000,145700000,14.995,14.675,-0.021340446815605096,20,1124746,1689.0209727351776,1600.0,3000.0,7298684.0,11438590.0,2410,3068,-0.22094494642070134,6091497.0,10011264.0,1303,1807,-0.24342204420720148,6171797.0,10119064.0,1357,1877,-0.24229947085055847,5050310.0,8475451.0,779,1058,-0.2532309272653864,337600.0,437300.0,4,4,-0.12866176280810426,78525,28668,40177,9611,26829,7535,0,115,28668,0,0,0,69899,8626,1000000.0,True,,stylized_fact_4_6_d04_d06_v1
SZ300201,20250801,daily,daily_1000_close,100000000,145700000,5.385,5.405,0.003714020427112441,20,497619,4121.313113044317,4700.0,10000.0,4562857.0,5681800.0,445,473,-0.1092221047517745,4150657.0,5203100.0,306,321,-0.11251553787424667,4067957.0,5140600.0,287,306,-0.11648328831542228,3124757.0,4205000.0,137,162,-0.14737773707914192,0.0,402700.0,0,2,-1.0,22223,7459,11263,3457,4728,997,0,46,7459,0,0,0,21836,387,1000000.0,True,,stylized_fact_4_6_d04_d06_v1
SZ300778,20250801,daily,daily_1000_close,100000000,145700000,15.29,15.165,-0.00817527795945061,20,955679,1638.1207152192317,1600.0,3100.0,1688800.0,2874027.0,607,740,-0.2597571637057465,1358840.0,2621668.0,316,513,-0.3172529737410401,1387140.0,2642068.0,334,526,-0.3114577356145426,1057310.0,2191198.0,168,302,-0.34904885565927496,0.0,219200.0,0,2,-1.0,35914,11473,18231,6194,6990,1763,0,22,11473,0,0,0,34374,1540,1000000.0,True,,stylized_fact_4_6_d04_d06_v1
SZ301552,20250801,daily,daily_1000_close,100000000,145700000,39.065,39.225,0.004095737872776173,20,138971,750.2842679407934,900.0,1500.0,360909.0,404111.0,314,289,-0.056471726229379626,289549.0,344560.0,163,159,-0.0867532238148331,274780.0,338760.0,141,150,-0.1042800795384164,208820.0,286940.0,67,87,-0.15757624657092142,0.0,0.0,0,0,,7084,2172,3706,1204,1983,357,0,2,2172,0,0,0,6572,512,1000000.0,True,,stylized_fact_4_6_d04_d06_v1
SH600266,20250804,daily,daily_0930_close,93000000,145700000,4.625,4.625,0.0,20,864201,3389.1628938175263,2300.0,5600.0,10547236.0,12823422.0,1202,1223,-0.09739503269441536,9159436.0,11594062.0,595,689,-0.11731159730277758,9889936.0,12275650.0,868,939,-0.10763144272386933,8253836.0,10557522.0,390,445,-0.12246250377032854,550000.0,2437900.0,2,7,-0.6318484554369289,53573,23651,21206,8716,12643,2378,167,12476,2070,21581,0,0,53573,0,1000000.0,True,,stylized_fact_4_6_d04_d06_v1
SH601398,20250804,daily,daily_0930_close,93000000,145700000,7.625,7.675,0.006557377049180246,20,4271398,5756.1889870716805,4100.0,10000.0,194411163.0,205532032.0,8574,10090,-0.027806121316803503,180651807.0,188351948.0,5208,5960,-0.020867378436298028,188759340.0,198894036.0,6887,8104,-0.02614370627846667,168439888.0,174127971.0,3555,4013,-0.016604251830875938,74492264.0,75470042.0,254,267,-0.00652015847235638,354854,156664,148133,50057,77065,13588,678,76387,5301,151363,0,0,354854,0,1000000.0,True,,stylized_fact_4_6_d04_d06_v1
SH605116,20250804,daily,daily_0930_close,93000000,145700000,23.875,23.705,-0.007120418848167609,20,406243,736.5137343905003,700.0,1400.0,2256720.0,2598580.0,1854,2107,-0.0704096554280889,1812020.0,2179580.0,905,1237,-0.09208337508768413,1891020.0,2269980.0,1024,1374,-0.09107426099495314,1442220.0,1661180.0,476,670,-0.07055487529806019,59200.0,0.0,1,0,1.0,45596,18466,18888,8242,11912,2391,1128,10784,2785,15681,0,0,45596,0,1000000.0,True,,stylized_fact_4_6_d04_d06_v1
SH688029,20250804,daily,daily_0930_close,93000000,145700000,83.73,88.87,0.06138779410008355,20,519492,772.1874273328559,1305.0,1434.0,3815971.0,3259218.0,3136,2621,0.07869090140206855,3105421.0,2656302.0,1615,1318,0.07794873165544404,2456399.0,2124467.0,851,701,0.07246053475478217,2369677.0,2074922.0,780,663,0.06631756880654475,318003.0,155577.0,18,8,0.3429747877866464,85868,24884,37796,23188,14342,5395,2314,12028,4411,20473,0,0,85868,0,1000000.0,True,,stylized_fact_4_6_d04_d06_v1
SH688167,20250804,daily,daily_0930_close,93000000,145700000,82.845,85.415,0.03102178767578012,20,234711,749.4139644072924,811.0,1420.0,884219.0,903765.0,889,895,-0.010931865162104358,694126.0,732632.0,476,493,-0.026988459150045066,662903.0,689094.0,427,429,-0.019372084405512736,481365.0,492299.0,221,212,-0.011229746606632268,24900.0,13600.0,2,1,0.2935064935064935,17704,5740,7746,4218,4016,964,846,3170,1237,4503,0,0,17704,0,1000000.0,True,,stylized_fact_4_6_d04_d06_v1
SH688502,20250804,daily,daily_0930_close,93000000,145700000,323.535,328.725,0.01604154110065381,20,219096,396.9856181765071,400.0,702.0,594275.0,603698.0,1705,1834,-0.007865786624573342,341400.0,330953.0,434,465,0.015537968894315933,340405.0,330344.0,431,463,0.014999649645396415,247429.0,231057.0,195,226,0.03421625711097085,88198.0,51997.0,19,11,0.258218909376226,19858,5572,9082,5204,3600,1178,911,2689,1290,4282,0,0,19858,0,1000000.0,True,,stylized_fact_4_6_d04_d06_v1
SZ000536,20250804,daily,daily_0930_close,93000000,145700000,4.435,4.655,0.049605411499436425,20,1164367,3460.146993173115,3300.0,7000.0,94079486.0,61755353.0,8677,6458,0.2074255872911705,85743586.0,55477553.0,5197,3828,0.21431659037957485,86320886.0,55922953.0,5372,3961,0.21370298505512073,74744946.0,46833512.0,2889,2027,0.22957548943415618,11090840.0,5173500.0,29,17,0.36382294024842077,280459,98645,148456,33268,47028,11252,0,79,98645,0,0,0,264921,15538,1000000.0,True,,stylized_fact_4_6_d04_d06_v1
SZ000652,20250804,daily,daily_0930_close,93000000,145700000,4.31,4.355,0.010440835266821491,20,351159,4837.8296270350465,5000.0,10000.0,5427201.0,6231719.0,443,434,-0.06900450470541011,4917300.0,5771519.0,293,297,-0.07991706099616805,4912400.0,5766619.0,292,296,-0.07999039986725373,4048700.0,4976220.0,162,180,-0.10277321017804036,280600.0,617520.0,1,2,-0.37513917961964993,19993,6284,10419,3288,3656,589,0,2,6284,0,0,0,19375,618,1000000.0,True,,stylized_fact_4_6_d04_d06_v1
SZ000710,20250804,daily,daily_0930_close,93000000,145700000,14.37,14.675,0.021224773834377375,20,1148663,1512.4025584527403,1600.0,3000.0,12557100.0,16155297.0,3991,4304,-0.12531858625387493,10593600.0,14292196.0,2083,2497,-0.1486227726049028,10593600.0,14292196.0,2083,2497,-0.1486227726049028,8761900.0,12201096.0,1171,1445,-0.16406032801799894,302200.0,1737200.0,3,14,-0.7036383249975483,124982,45870,64934,14112,22826,6536,0,52,45870,0,0,0,110880,14102,1000000.0,True,,stylized_fact_4_6_d04_d06_v1
SZ300201,20250804,daily,daily_0930_close,93000000,145700000,5.375,5.495,0.022325581395348904,20,486263,4175.963322317347,4800.0,10000.0,10083284.0,8799900.0,770,913,0.06796438566716291,9316184.0,8037300.0,513,683,0.07369609468623131,9205384.0,7525300.0,488,567,0.10041932535454019,7883184.0,5498400.0,277,246,0.17821387961245844,1199800.0,188900.0,4,1,0.7279470007921077,35770,10889,18776,6097,4785,1242,0,6,10889,0,0,0,34973,797,1000000.0,True,,stylized_fact_4_6_d04_d06_v1
SZ300778,20250804,daily,daily_0930_close,93000000,145700000,15.045,15.295,0.016616816218012698,20,930878,1634.9521623671415,1600.0,3100.0,2573999.0,2449282.0,968,777,0.024827796812481723,2112025.0,2097416.0,544,459,0.003470532073023473,2152684.0,2129816.0,572,481,0.005339871570344425,1579015.0,1711126.0,279,263,-0.040153598280438435,0.0,0.0,0,0,,30818,10310,16236,4268,6052,1413,0,4,10310,0,0,0,29154,1664,1000000.0,True,,stylized_fact_4_6_d04_d06_v1
SZ301552,20250804,daily,daily_0930_close,93000000,145700000,39.045,39.865,0.02100140863106681,20,138262,753.5361125978216,900.0,1500.0,794611.0,681543.0,619,473,0.07659634428386199,654840.0,594734.0,317,279,0.048101192886535735,628740.0,585574.0,281,262,0.03554764253726796,514140.0,505174.0,161,163,0.008796111894862624,0.0,40000.0,0,1,-1.0,14593,4392,7686,2510,2539,579,0,5,4392,0,0,0,13396,1197,1000000.0,True,,stylized_fact_4_6_d04_d06_v1
SH600266,20250804,daily,daily_1000_close,100000000,145700000,4.595,4.625,0.006528835690968515,20,864201,3389.1628938175263,2300.0,5600.0,8152936.0,9138898.0,950,850,-0.057018937378186724,7042936.0,8287322.0,460,475,-0.08117188895320614,7594536.0,8757510.0,666,651,-0.07112100834354307,6310536.0,7595022.0,296,315,-0.09237212918748029,550000.0,1902200.0,2,5,-0.5514232118098035,40462,18232,15431,6799,12643,2378,167,12476,1326,16906,0,0,40462,0,1000000.0,True,,stylized_fact_4_6_d04_d06_v1
SH601398,20250804,daily,daily_1000_close,100000000,145700000,7.755,7.675,-0.010315925209542276,20,4271398,5756.1889870716805,4100.0,10000.0,76585134.0,138994482.0,4614,6777,-0.28949558941602344,68168843.0,127322305.0,2528,4003,-0.30258895405330577,72901611.0,134755405.0,3512,5510,-0.2978651778372853,61789176.0,117282428.0,1668,2630,-0.3098942029915586,19234100.0,51128664.0,69,182,-0.45328753714109354,227368,100828,89454,37086,77065,13588,678,76387,2843,97985,0,0,227368,0,1000000.0,True,,stylized_fact_4_6_d04_d06_v1
SH605116,20250804,daily,daily_1000_close,100000000,145700000,23.565,23.705,0.0059410142159981305,20,406243,736.5137343905003,700.0,1400.0,1432300.0,1719400.0,1306,1573,-0.09109369546593901,1115900.0,1405100.0,620,917,-0.1147163823879413,1168900.0,1468400.0,699,1012,-0.11356311379061919,853300.0,996100.0,314,468,-0.07721423164269493,0.0,0.0,0,0,,33076,14183,13407,5486,11912,2391,1128,10784,2074,12109,0,0,33076,0,1000000.0,True,,stylized_fact_4_6_d04_d06_v1
SH688029,20250804,daily,daily_1000_close,100000000,145700000,87.205,88.87,0.019092941918467998,20,519492,772.1874273328559,1305.0,1434.0,1940172.0,1704875.0,1695,1617,0.06455252840361181,1535418.0,1294344.0,807,724,0.08519232359470513,1202922.0,977446.0,396,360,0.10341190111027129,1164396.0,952568.0,363,341,0.10006216449594797,230560.0,68277.0,12,4,0.5430485515515147,58473,16063,25633,16777,14342,5395,2314,12028,2747,13316,0,0,58473,0,1000000.0,True,,stylized_fact_4_6_d04_d06_v1
SH688167,20250804,daily,daily_1000_close,100000000,145700000,83.385,85.415,0.024344906158181967,20,234711,749.4139644072924,811.0,1420.0,717299.0,701982.0,709,702,0.010792084160923735,572511.0,566173.0,394,386,0.005566074521113847,549030.0,532053.0,356,335,0.0157036971259376,396804.0,377185.0,183,166,0.025347905461188727,12800.0,13600.0,1,1,-0.030303030303030304,13597,4670,5796,3131,4016,964,846,3170,1001,3669,0,0,13597,0,1000000.0,True,,stylized_fact_4_6_d04_d06_v1
SH688502,20250804,daily,daily_1000_close,100000000,145700000,329.335,328.725,-0.0018522173470780778,20,219096,396.9856181765071,400.0,702.0,416780.0,481871.0,1218,1441,-0.07243190070450041,241293.0,267031.0,327,378,-0.050633060803739346,240696.0,266422.0,325,376,-0.05072981041887687,170575.0,186159.0,147,188,-0.043685210829357446,51588.0,36157.0,11,7,0.1758618724713659,15177,4124,6863,4190,3600,1178,911,2689,972,3152,0,0,15177,0,1000000.0,True,,stylized_fact_4_6_d04_d06_v1
SZ000536,20250804,daily,daily_1000_close,100000000,145700000,4.685,4.655,-0.00640341515474907,20,1164367,3460.146993173115,3300.0,7000.0,46058586.0,31835053.0,4976,3569,0.18260198371268802,41155086.0,28252453.0,2920,2069,0.18589670784898454,41464686.0,28530753.0,3013,2152,0.1847825113290596,34718846.0,23037634.0,1574,997,0.20224937530819054,1384140.0,2507700.0,5,9,-0.28869634928465715,182933,63492,95170,24222,47028,11252,0,79,63492,0,0,0,178025,4908,1000000.0,True,,stylized_fact_4_6_d04_d06_v1
SZ000652,20250804,daily,daily_1000_close,100000000,145700000,4.305,4.355,0.011614401858304424,20,351159,4837.8296270350465,5000.0,10000.0,4143301.0,4270219.0,331,312,-0.015085006037900903,3750800.0,3937019.0,216,215,-0.02422260461647185,3745900.0,3932119.0,215,214,-0.02425352164405949,3120700.0,3340020.0,122,125,-0.033946680865290554,280600.0,256420.0,1,1,0.045026256005362926,15461,4801,7890,2769,3656,589,0,2,4801,0,0,0,14953,508,1000000.0,True,,stylized_fact_4_6_d04_d06_v1
SZ000710,20250804,daily,daily_1000_close,100000000,145700000,14.22,14.675,0.03199718706047827,20,1148663,1512.4025584527403,1600.0,3000.0,8438600.0,9459899.0,2505,2523,-0.05706059485770287,7227400.0,8343498.0,1333,1437,-0.07167846067709133,7227400.0,8343498.0,1333,1437,-0.07167846067709133,6112100.0,7171398.0,778,841,-0.07974541043330605,302200.0,1424100.0,3,10,-0.6498870416497712,81879,29989,41946,9919,22826,6536,0,52,29989,0,0,0,74558,7321,1000000.0,True,,stylized_fact_4_6_d04_d06_v1
SZ300201,20250804,daily,daily_1000_close,100000000,145700000,5.44,5.495,0.010110294117646967,20,486263,4175.963322317347,4800.0,10000.0,7785084.0,7505200.0,586,795,0.018304695975562,7243084.0,6843900.0,404,599,0.028337080527670082,7145384.0,6336200.0,382,484,0.06002143368316364,6109484.0,4561800.0,217,204,0.14503259401586538,900000.0,188900.0,3,1,0.6530443566902379,26417,8469,13460,4481,4785,1242,0,6,8469,0,0,0,25835,582,1000000.0,True,,stylized_fact_4_6_d04_d06_v1
SZ300778,20250804,daily,daily_1000_close,100000000,145700000,15.21,15.295,0.005588428665351586,20,930878,1634.9521623671415,1600.0,3100.0,1975999.0,1712982.0,697,522,0.07129800885393554,1663525.0,1470616.0,414,306,0.061550836417378796,1693684.0,1492716.0,434,321,0.06307054983680643,1285815.0,1209126.0,223,172,0.030737801014132198,0.0,0.0,0,0,,21504,7540,11135,2827,6052,1413,0,4,7540,0,0,0,20619,885,1000000.0,True,,stylized_fact_4_6_d04_d06_v1
SZ301552,20250804,daily,daily_1000_close,100000000,145700000,39.48,39.865,0.009751773049645474,20,138262,753.5361125978216,900.0,1500.0,673400.0,616234.0,505,394,0.044327305266455445,559540.0,545334.0,262,236,0.01285757470987642,540640.0,537774.0,235,221,0.0026576064479875076,450540.0,479274.0,142,146,-0.030902954784505287,0.0,40000.0,0,1,-1.0,12400,3866,6438,2091,2539,579,0,5,3866,0,0,0,11346,1054,1000000.0,True,,stylized_fact_4_6_d04_d06_v1
SH600266,20250805,daily,daily_0930_close,93000000,145700000,4.625,4.635,0.00216216216216214,20,864518,3347.793132126804,2300.0,5500.0,13793884.0,18469221.0,1236,1399,-0.1449128036498657,12842684.0,17267737.0,811,856,-0.1469608478738972,13326784.0,17832621.0,990,1069,-0.14460600258573617,11623284.0,16349500.0,528,635,-0.1689576554124895,1060100.0,1192500.0,3,4,-0.05877652490455473,53641,23217,21456,8968,12339,2284,216,12123,1333,21884,0,0,53641,0,1000000.0,True,,stylized_fact_4_6_d04_d06_v1
SH601398,20250805,daily,daily_0930_close,93000000,145700000,7.685,7.755,0.009108653220559537,20,4375055,5752.146142162785,4100.0,10000.0,157331430.0,140496284.0,7487,7913,0.05652645878348313,144815024.0,126119259.0,4434,4348,0.06900479626640679,152379124.0,133791084.0,6011,5919,0.0649544903011008,133985544.0,113949433.0,2991,2664,0.08081195820951072,65057181.0,48227782.0,234,188,0.14855810121948843,320726,124273,135372,61081,62015,11457,275,61740,3030,121243,0,0,320726,0,1000000.0,True,,stylized_fact_4_6_d04_d06_v1
SH605116,20250805,daily,daily_0930_close,93000000,145700000,23.645,23.455,-0.008035525481074224,20,418297,733.2502002165925,700.0,1400.0,1404000.0,1533900.0,1090,1070,-0.04421525579495558,1157000.0,1313800.0,570,605,-0.06346122713291241,1202100.0,1354700.0,640,674,-0.05968397997496871,934500.0,1092900.0,316,351,-0.07812962414915656,0.0,54000.0,0,1,-1.0,28475,10556,12028,5891,7039,1331,643,6396,1693,8863,0,0,28475,0,1000000.0,True,,stylized_fact_4_6_d04_d06_v1
SH688029,20250805,daily,daily_0930_close,93000000,145700000,88.145,86.555,-0.018038459356741643,20,549624,764.8324527313217,1300.0,1426.0,1135615.0,1735376.0,1346,1686,-0.20890382449823075,816391.0,1350677.0,616,796,-0.24654787020988728,579642.0,1014080.0,321,413,-0.2725933381104107,544747.0,976367.0,290,381,-0.2837525655539296,0.0,81429.0,0,6,-1.0,55189,14576,24524,16089,9067,3111,1562,7505,2531,12045,0,0,55189,0,1000000.0,True,,stylized_fact_4_6_d04_d06_v1
SH688167,20250805,daily,daily_0930_close,93000000,145700000,85.8,85.885,0.0009906759906761486,20,238186,748.9080508510156,812.0,1430.0,1167103.0,1132926.0,900,935,0.014859377860018287,1002815.0,952990.0,529,538,0.025475443615288845,969144.0,922130.0,478,492,0.024858375888422303,790626.0,737846.0,277,289,0.034531218105401995,69900.0,91491.0,3,6,-0.13378069409074855,19019,5729,8538,4752,3628,964,817,2811,1408,4321,0,0,19019,0,1000000.0,True,,stylized_fact_4_6_d04_d06_v1
SH688502,20250805,daily,daily_0930_close,93000000,145700000,325.62,338.95,0.04093728886432024,20,223040,396.90724085365855,400.0,706.0,1171646.0,1027928.0,2859,2851,0.06533901564575686,754630.0,616703.0,896,756,0.1005787799170588,753239.0,614122.0,892,749,0.1017412373177237,551189.0,446135.0,434,345,0.1053358788117001,147038.0,127041.0,28,26,0.07296071570605556,27928,9889,12234,5805,5888,2185,1277,4611,2016,7873,0,0,27928,0,1000000.0,True,,stylized_fact_4_6_d04_d06_v1
SZ000536,20250805,daily,daily_0930_close,93000000,145700000,4.65,4.815,0.03548387096774186,20,1277934,3480.880472700468,3300.0,7000.0,96087009.0,82378724.0,9572,8086,0.07681186057157538,86517413.0,74332036.0,5543,4720,0.0757564112016324,87161013.0,74997036.0,5737,4919,0.07501309416962706,74227013.0,63945395.0,2980,2557,0.07441151347669935,13736950.0,11352671.0,38,31,0.0950304908950199,301499,105000,158115,38269,48692,12242,0,104,105000,0,0,0,287226,14273,1000000.0,True,,stylized_fact_4_6_d04_d06_v1
SZ000652,20250805,daily,daily_0930_close,93000000,145700000,4.355,4.435,0.01836969001148092,20,353812,4814.253564039659,5000.0,10000.0,7238860.0,5662510.0,533,439,0.12218469821422066,6644160.0,5147320.0,357,289,0.12694250424883052,6600060.0,5132620.0,348,286,0.1250728733759039,5637580.0,4288120.0,212,154,0.13595615422589843,0.0,273200.0,0,1,-1.0,24654,7601,12957,4077,3801,699,0,19,7601,0,0,0,23604,1050,1000000.0,True,,stylized_fact_4_6_d04_d06_v1
SZ000710,20250805,daily,daily_0930_close,93000000,145700000,14.72,14.995,0.01868206521739113,20,1120371,1507.052518317593,1500.0,3000.0,17980899.0,16476139.0,4839,4991,0.04367061382350973,15701099.0,14109239.0,2630,2716,0.05339959580465005,15904999.0,14371039.0,2772,2895,0.05066581036792198,13489999.0,11815939.0,1517,1564,0.06615285313668279,2286200.0,237800.0,22,3,0.8115689381933439,153377,56809,80301,16200,27592,7832,0,60,56809,0,0,0,138022,15355,1000000.0,True,,stylized_fact_4_6_d04_d06_v1
SZ300201,20250805,daily,daily_0930_close,93000000,145700000,5.505,5.565,0.010899182561308063,20,490525,4184.277985831507,4800.0,10000.0,12855738.0,10635054.0,1149,948,0.09453423281769299,11587738.0,9698555.0,723,637,0.08875115079924907,11390038.0,9549855.0,678,604,0.08787929336601673,9249711.0,7717455.0,346,312,0.09030712612819371,2200011.0,411200.0,9,2,0.6850503463718558,37674,12184,20024,5433,6246,1397,0,33,12184,0,0,0,36558,1116,1000000.0,True,,stylized_fact_4_6_d04_d06_v1
SZ300778,20250805,daily,daily_0930_close,93000000,145700000,15.26,15.465,0.0134338138925294,20,897213,1647.7604303548878,1600.0,3200.0,3111348.0,3519872.0,928,969,-0.061606159952467265,2691348.0,3080567.0,555,564,-0.06743325222218276,2720748.0,3116267.0,574,587,-0.06776049059322274,2192140.0,2537935.0,320,315,-0.07310560614789406,100000.0,148300.0,1,2,-0.1945227547321788,34902,10873,18212,5809,5695,1406,0,6,10873,0,0,0,33335,1567,1000000.0,True,,stylized_fact_4_6_d04_d06_v1
SZ301552,20250805,daily,daily_0930_close,93000000,145700000,39.83,40.54,0.017825759477780645,20,141273,757.30477161241,900.0,1500.0,908525.0,534108.0,661,519,0.2595372489053002,783701.0,425530.0,389,283,0.29619733533129733,755561.0,411390.0,352,264,0.294931835184168,618441.0,291650.0,207,127,0.35907508150283873,90080.0,26239.0,2,1,0.5488441269268133,15677,5078,8288,2310,3239,730,0,1,5078,0,0,0,14492,1185,1000000.0,True,,stylized_fact_4_6_d04_d06_v1
SH600266,20250805,daily,daily_1000_close,100000000,145700000,4.645,4.635,-0.002152852529601623,20,864518,3347.793132126804,2300.0,5500.0,10096620.0,15951013.0,860,1202,-0.22475719770775332,9413120.0,14923133.0,553,734,-0.2264117241055967,9767820.0,15391013.0,686,911,-0.22350770403380793,8500720.0,14154532.0,341,551,-0.2495585571063169,1060100.0,972600.0,3,3,0.04304619471638707,42442,18706,16503,7233,12339,2284,216,12123,1042,17664,0,0,42442,0,1000000.0,True,,stylized_fact_4_6_d04_d06_v1
SH601398,20250805,daily,daily_1000_close,100000000,145700000,7.685,7.755,0.009108653220559537,20,4375055,5752.146142162785,4100.0,10000.0,132841530.0,103445778.0,6251,5780,0.12440681748340034,122327424.0,92845753.0,3702,3162,0.137013690140384,128832524.0,98523778.0,5059,4320,0.13330946067199845,113054644.0,83559627.0,2478,1869,0.1500146294060211,57289381.0,38830382.0,199,152,0.19204166160917396,254235,96984,103570,53681,62015,11457,275,61740,1987,94997,0,0,254235,0,1000000.0,True,,stylized_fact_4_6_d04_d06_v1
SH605116,20250805,daily,daily_1000_close,100000000,145700000,23.555,23.455,-0.004245383145829007,20,418297,733.2502002165925,700.0,1400.0,1055500.0,1096200.0,787,786,-0.018915276293163544,888200.0,937500.0,441,452,-0.02700334118420332,918400.0,967000.0,486,499,-0.025777023443301156,726600.0,763200.0,259,252,-0.024567055980668547,0.0,54000.0,0,1,-1.0,19071,7158,7924,3989,7039,1331,643,6396,1201,5957,0,0,19071,0,1000000.0,True,,stylized_fact_4_6_d04_d06_v1
SH688029,20250805,daily,daily_1000_close,100000000,145700000,86.065,86.555,0.005693371289142046,20,549624,764.8324527313217,1300.0,1426.0,716551.0,1160994.0,860,1144,-0.23671496555342217,508316.0,896200.0,381,514,-0.2761691572043323,375181.0,682471.0,214,273,-0.29053979948035835,355794.0,659465.0,196,252,-0.2991069273948815,0.0,67163.0,0,5,-1.0,40310,10416,17781,12113,9067,3111,1562,7505,1706,8710,0,0,40310,0,1000000.0,True,,stylized_fact_4_6_d04_d06_v1
SH688167,20250805,daily,daily_1000_close,100000000,145700000,85.77,85.885,0.0013407951498194404,20,238186,748.9080508510156,812.0,1430.0,901137.0,845805.0,685,676,0.03167363312577063,775504.0,715106.0,400,382,0.04051898216166536,751824.0,695051.0,363,352,0.0392383585313175,613462.0,562818.0,208,205,0.043054374808719015,69900.0,77491.0,3,5,-0.0515024662292813,14304,4438,6290,3576,3628,964,817,2811,1092,3346,0,0,14304,0,1000000.0,True,,stylized_fact_4_6_d04_d06_v1
SH688502,20250805,daily,daily_1000_close,100000000,145700000,338.835,338.95,0.0003393982321779898,20,223040,396.90724085365855,400.0,706.0,833332.0,848194.0,1981,2258,-0.008838400357770263,548288.0,524756.0,649,618,0.021930135204148198,546897.0,523768.0,645,615,0.021602462021267158,411550.0,386579.0,338,288,0.03128692228950458,105189.0,120045.0,21,25,-0.06595807027358214,20742,7426,9014,4302,5888,2185,1277,4611,1564,5862,0,0,20742,0,1000000.0,True,,stylized_fact_4_6_d04_d06_v1
SZ000536,20250805,daily,daily_1000_close,100000000,145700000,4.835,4.815,-0.00413650465356763,20,1277934,3480.880472700468,3300.0,7000.0,40761857.0,40725685.0,4696,4043,0.00044389607432262465,35979783.0,36607597.0,2671,2344,-0.008649079220106857,36247283.0,37042397.0,2752,2474,-0.01084892170357409,29848583.0,31456197.0,1402,1274,-0.026223305915134186,2364000.0,5075800.0,8,13,-0.3644990456732708,164730,57293,83169,24219,48692,12242,0,104,57293,0,0,0,161579,3151,1000000.0,True,,stylized_fact_4_6_d04_d06_v1
SZ000652,20250805,daily,daily_1000_close,100000000,145700000,4.415,4.435,0.0045300113250281715,20,353812,4814.253564039659,5000.0,10000.0,4352280.0,3891800.0,339,255,0.055855838371291884,3929780.0,3568200.0,214,160,0.04822365490438758,3885680.0,3563300.0,205,159,0.04327840858748446,3292700.0,3069900.0,119,82,0.035017131361393145,0.0,273200.0,0,1,-1.0,17663,5452,8959,3235,3801,699,0,19,5452,0,0,0,16915,748,1000000.0,True,,stylized_fact_4_6_d04_d06_v1
SZ000710,20250805,daily,daily_1000_close,100000000,145700000,15.0,14.995,-0.00033333333333340764,20,1120371,1507.052518317593,1500.0,3000.0,6859499.0,7684539.0,2227,2456,-0.05672702450309879,5743699.0,6496939.0,1134,1327,-0.061536008172123055,5830999.0,6613939.0,1196,1406,-0.06291232628077376,4807899.0,5336839.0,660,741,-0.052139345540515684,330100.0,74000.0,3,1,0.633754021281861,79904,29429,41018,9430,27592,7832,0,60,29429,0,0,0,75795,4109,1000000.0,True,,stylized_fact_4_6_d04_d06_v1
SZ300201,20250805,daily,daily_1000_close,100000000,145700000,5.59,5.565,-0.004472271914132242,20,490525,4184.277985831507,4800.0,10000.0,4270200.0,6562882.0,404,571,-0.21163709459597924,3798100.0,6018882.0,249,390,-0.2262184039860723,3749800.0,5910882.0,238,366,-0.2236986995328073,3113800.0,4752282.0,134,184,-0.20829709123296705,300000.0,216600.0,1,1,0.16144018583042974,19967,6095,10232,3610,6246,1397,0,33,6095,0,0,0,19358,609,1000000.0,True,,stylized_fact_4_6_d04_d06_v1
SZ300778,20250805,daily,daily_1000_close,100000000,145700000,15.47,15.465,-0.0003232062055591456,20,897213,1647.7604303548878,1600.0,3200.0,2013423.0,2805072.0,648,725,-0.16429383033499048,1713823.0,2470267.0,381,422,-0.18079056616850975,1728223.0,2499067.0,390,440,-0.18234944846461917,1354415.0,2054135.0,211,231,-0.20528377169177509,0.0,148300.0,0,2,-1.0,25874,8039,13183,4645,5695,1406,0,6,8039,0,0,0,25038,836,1000000.0,True,,stylized_fact_4_6_d04_d06_v1
SZ301552,20250805,daily,daily_1000_close,100000000,145700000,40.295,40.54,0.006080158828638771,20,141273,757.30477161241,900.0,1500.0,732040.0,368092.0,503,368,0.33082211952747487,633440.0,290392.0,292,200,0.3713315840975415,612800.0,282352.0,265,190,0.36915294832609435,504580.0,192832.0,152,89,0.4470069342081868,90080.0,0.0,2,0,1.0,11710,3874,6097,1738,3239,730,0,1,3874,0,0,0,10932,778,1000000.0,True,,stylized_fact_4_6_d04_d06_v1
