symbol,date,total_events,duplicate_trades,missing_active_order_id,missing_book_rows,locked_book_rows,crossed_book_rows,invalid_chain_seconds,book_sign_flips,factor_version
SH600000,20260105,51230,0,0,0,0,0,0.0,134,non_parent_window_path_1000_1030_v1_20260810
SH600000,20260106,23541,0,0,0,0,0,0.0,24,non_parent_window_path_1000_1030_v1_20260810
SH600000,20260107,23057,0,0,0,0,0,0.0,95,non_parent_window_path_1000_1030_v1_20260810
SH600000,20260108,32925,0,0,0,0,0,0.0,20,non_parent_window_path_1000_1030_v1_20260810
SH600000,20260109,18954,0,0,0,0,0,0.0,46,non_parent_window_path_1000_1030_v1_20260810
SH600000,20260112,14610,0,0,0,0,0,0.0,177,non_parent_window_path_1000_1030_v1_20260810
SH600000,20260113,17108,0,0,0,0,0,0.0,12,non_parent_window_path_1000_1030_v1_20260810
SH600000,20260114,22657,0,0,0,0,0,0.0,53,non_parent_window_path_1000_1030_v1_20260810
SH600000,20260115,20471,0,0,0,0,0,0.0,0,non_parent_window_path_1000_1030_v1_20260810
SH600000,20260116,37162,0,0,0,0,0,0.0,98,non_parent_window_path_1000_1030_v1_20260810
SH600000,20260119,26916,0,0,0,0,0,0.0,206,non_parent_window_path_1000_1030_v1_20260810
SH600000,20260120,25985,0,0,0,0,0,0.0,32,non_parent_window_path_1000_1030_v1_20260810
SH600000,20260121,20483,0,0,0,0,0,0.0,0,non_parent_window_path_1000_1030_v1_20260810
SH600000,20260122,46815,0,0,0,0,0,0.0,131,non_parent_window_path_1000_1030_v1_20260810
SH600000,20260123,22970,0,0,0,0,0,0.0,50,non_parent_window_path_1000_1030_v1_20260810
SH600000,20260126,44286,0,0,0,0,0,0.0,191,non_parent_window_path_1000_1030_v1_20260810
SH600000,20260127,25997,0,0,0,0,0,0.0,22,non_parent_window_path_1000_1030_v1_20260810
SH600000,20260128,35425,0,0,0,0,0,0.0,87,non_parent_window_path_1000_1030_v1_20260810
SH600000,20260129,32803,0,0,0,0,0,0.0,32,non_parent_window_path_1000_1030_v1_20260810
SH600000,20260130,30960,0,0,0,0,0,0.0,51,non_parent_window_path_1000_1030_v1_20260810
SH600036,20260105,40595,0,0,0,0,0,0.0,347,non_parent_window_path_1000_1030_v1_20260810
SH600036,20260106,47305,0,0,0,0,0,0.0,405,non_parent_window_path_1000_1030_v1_20260810
SH600036,20260107,45245,0,0,0,0,0,0.0,62,non_parent_window_path_1000_1030_v1_20260810
SH600036,20260108,56005,0,0,0,0,0,0.0,112,non_parent_window_path_1000_1030_v1_20260810
SH600036,20260109,69929,0,0,0,0,0,0.0,645,non_parent_window_path_1000_1030_v1_20260810
SH600036,20260112,40513,0,0,0,0,0,0.0,152,non_parent_window_path_1000_1030_v1_20260810
SH600036,20260113,61038,0,0,0,0,0,0.0,480,non_parent_window_path_1000_1030_v1_20260810
SH600036,20260114,51615,0,0,0,0,0,0.0,535,non_parent_window_path_1000_1030_v1_20260810
SH600036,20260115,67008,0,0,0,0,0,0.0,217,non_parent_window_path_1000_1030_v1_20260810
SH600036,20260116,102039,0,0,0,0,0,0.0,1118,non_parent_window_path_1000_1030_v1_20260810
SH600036,20260119,51948,0,0,0,0,0,0.0,316,non_parent_window_path_1000_1030_v1_20260810
SH600036,20260120,61279,0,0,0,0,0,0.0,319,non_parent_window_path_1000_1030_v1_20260810
SH600036,20260121,43902,0,0,0,0,0,0.0,148,non_parent_window_path_1000_1030_v1_20260810
SH600036,20260122,92811,0,0,0,0,0,0.0,531,non_parent_window_path_1000_1030_v1_20260810
SH600036,20260123,74162,0,0,0,0,0,0.0,159,non_parent_window_path_1000_1030_v1_20260810
SH600036,20260126,145504,0,0,0,0,0,0.0,817,non_parent_window_path_1000_1030_v1_20260810
SH600036,20260127,89919,0,0,0,0,0,0.0,411,non_parent_window_path_1000_1030_v1_20260810
SH600036,20260128,99782,0,0,0,0,0,0.0,685,non_parent_window_path_1000_1030_v1_20260810
SH600036,20260129,54515,0,0,0,0,0,0.0,456,non_parent_window_path_1000_1030_v1_20260810
SH600036,20260130,89505,0,0,0,0,0,0.0,440,non_parent_window_path_1000_1030_v1_20260810
SZ000001,20260105,26756,0,0,0,6472,764,0.0,46,non_parent_window_path_1000_1030_v1_20260810
SZ000001,20260106,30380,0,0,0,6597,1023,0.0,0,non_parent_window_path_1000_1030_v1_20260810
SZ000001,20260107,27659,0,0,0,6708,948,0.0,158,non_parent_window_path_1000_1030_v1_20260810
SZ000001,20260108,30423,0,0,0,6854,2032,0.0,0,non_parent_window_path_1000_1030_v1_20260810
SZ000001,20260109,34300,0,0,0,6881,1400,0.0,0,non_parent_window_path_1000_1030_v1_20260810
SZ000001,20260112,23788,0,0,0,6113,912,0.0,0,non_parent_window_path_1000_1030_v1_20260810
SZ000001,20260113,38531,0,0,0,6846,3414,0.0,44,non_parent_window_path_1000_1030_v1_20260810
SZ000001,20260114,32500,0,0,0,6815,1256,0.0,0,non_parent_window_path_1000_1030_v1_20260810
SZ000001,20260115,23430,0,0,0,5061,1021,0.0,0,non_parent_window_path_1000_1030_v1_20260810
SZ000001,20260116,36535,0,0,0,8735,2492,0.0,6,non_parent_window_path_1000_1030_v1_20260810
SZ000001,20260119,35971,0,0,0,4579,1846,0.0,6,non_parent_window_path_1000_1030_v1_20260810
SZ000001,20260120,29491,0,0,0,5417,1553,0.0,51,non_parent_window_path_1000_1030_v1_20260810
SZ000001,20260121,20816,0,0,0,3717,923,0.0,0,non_parent_window_path_1000_1030_v1_20260810
SZ000001,20260122,29884,0,0,0,5345,2409,0.0,13,non_parent_window_path_1000_1030_v1_20260810
SZ000001,20260123,24678,0,0,0,3948,1247,0.0,0,non_parent_window_path_1000_1030_v1_20260810
SZ000001,20260126,38176,0,0,0,6741,1227,0.0,49,non_parent_window_path_1000_1030_v1_20260810
SZ000001,20260127,27964,0,0,0,6428,1376,0.0,3,non_parent_window_path_1000_1030_v1_20260810
SZ000001,20260128,29991,0,0,0,5514,1893,0.0,35,non_parent_window_path_1000_1030_v1_20260810
SZ000001,20260129,28946,0,0,0,6096,1902,0.0,124,non_parent_window_path_1000_1030_v1_20260810
SZ000001,20260130,41905,0,0,0,8383,1492,0.0,2,non_parent_window_path_1000_1030_v1_20260810
SZ000002,20260105,43018,0,0,0,9725,937,0.0,10,non_parent_window_path_1000_1030_v1_20260810
SZ000002,20260106,34320,0,0,0,7325,1308,0.0,17,non_parent_window_path_1000_1030_v1_20260810
SZ000002,20260107,32053,0,0,0,8110,693,0.0,0,non_parent_window_path_1000_1030_v1_20260810
SZ000002,20260108,19551,0,0,0,3993,595,0.0,15,non_parent_window_path_1000_1030_v1_20260810
SZ000002,20260109,31068,0,0,0,7759,809,0.0,14,non_parent_window_path_1000_1030_v1_20260810
SZ000002,20260112,30596,0,0,0,6771,436,0.0,0,non_parent_window_path_1000_1030_v1_20260810
SZ000002,20260113,47486,0,0,0,6558,404,0.0,31,non_parent_window_path_1000_1030_v1_20260810
SZ000002,20260114,26219,0,0,0,5387,860,0.0,8,non_parent_window_path_1000_1030_v1_20260810
SZ000002,20260115,23781,0,0,0,5196,492,0.0,2,non_parent_window_path_1000_1030_v1_20260810
SZ000002,20260116,29449,0,0,0,6761,1734,0.0,0,non_parent_window_path_1000_1030_v1_20260810
SZ000002,20260119,21482,0,0,0,3932,885,0.0,52,non_parent_window_path_1000_1030_v1_20260810
SZ000002,20260120,35101,0,0,0,6275,980,0.0,34,non_parent_window_path_1000_1030_v1_20260810
SZ000002,20260121,48475,0,0,0,10331,768,0.0,53,non_parent_window_path_1000_1030_v1_20260810
SZ000002,20260122,56177,0,0,0,12763,2747,0.0,174,non_parent_window_path_1000_1030_v1_20260810
SZ000002,20260123,35260,0,0,0,6504,1515,0.0,8,non_parent_window_path_1000_1030_v1_20260810
SZ000002,20260126,48886,0,0,0,12877,1484,0.0,2,non_parent_window_path_1000_1030_v1_20260810
SZ000002,20260127,43361,0,0,0,10658,1358,0.0,0,non_parent_window_path_1000_1030_v1_20260810
SZ000002,20260128,28922,0,0,0,5810,1064,0.0,19,non_parent_window_path_1000_1030_v1_20260810
SZ000002,20260129,129911,0,0,0,30459,4511,0.0,30,non_parent_window_path_1000_1030_v1_20260810
SZ000002,20260130,67654,0,0,0,17614,1846,0.0,2,non_parent_window_path_1000_1030_v1_20260810
